{
  "y_min": [
    2.2699999809265137,
    1.0
  ],
  "y_max": [
    276.69000244140625,
    20.0
  ],
  "X_min": [
    2.2699999809265137,
    1.0,
    0.125,
    2.2699999809265137,
    1.0,
    0.25,
    2.2699999809265137,
    1.0,
    0.375,
    2.2699999809265137,
    1.0,
    0.5,
    2.2699999809265137,
    1.0,
    0.625,
    2.2699999809265137,
    1.0,
    0.75,
    2.2699999809265137,
    1.0,
    0.875,
    2.2699999809265137,
    1.0,
    1.0
  ],
  "X_max": [
    276.69000244140625,
    20.0,
    178.5,
    276.69000244140625,
    20.0,
    178.625,
    276.69000244140625,
    20.0,
    178.75,
    276.69000244140625,
    20.0,
    178.875,
    276.69000244140625,
    20.0,
    179.0,
    276.69000244140625,
    20.0,
    179.125,
    276.69000244140625,
    20.0,
    179.25,
    276.69000244140625,
    20.0,
    179.375
  ],
  "window_size": 8,
  "n_features": 3,
  "n_outputs": 2,
  "output_names": [
    "weight_kg",
    "reps"
  ],
  "mae_kg": 9.882980346679688,
  "rmse_kg": 13.90757942199707,
  "mae_reps": 1.0495694875717163,
  "rmse_reps": 1.4766398668289185,
  "r2": 0.9094277620315552,
  "r2_reps": 0.7131879329681396,
  "mape": 21.88532257080078,
  "model_version": "2.0.0",
  "epochs": 52,
  "total_params": 5170,
  "dropout_rate": 0.15,
  "batch_size": 64,
  "lstm_units": 32
}